"","motif","NumOfProbes","OR","lowerOR","upperOR"
"FOXA1_HUMAN.H10MO.A","FOXA1_HUMAN.H10MO.A",603,3.95151796233698,3.55513518456376,4.3920957702169
"FOXA2_HUMAN.H10MO.A","FOXA2_HUMAN.H10MO.A",578,3.80543415730348,3.42140394718462,4.23256924616819
"FOXB1_HUMAN.H10MO.D","FOXB1_HUMAN.H10MO.D",467,3.4905890648008,3.12266364712799,3.90186500890455
"FOXA3_HUMAN.H10MO.C","FOXA3_HUMAN.H10MO.C",615,3.38273745173745,3.04447308594836,3.75858558914562
"FOXC1_HUMAN.H10MO.C","FOXC1_HUMAN.H10MO.C",443,3.18971456146754,2.84909621603629,3.57105489325759
"FOXF2_HUMAN.H10MO.D","FOXF2_HUMAN.H10MO.D",519,3.11995046266006,2.79909465421591,3.47758546671208
"FOXJ2_HUMAN.H10MO.C","FOXJ2_HUMAN.H10MO.C",617,3.02216640055416,2.72019163653918,3.35766408143904
"FOXD1_HUMAN.H10MO.D","FOXD1_HUMAN.H10MO.D",365,2.83902322761469,2.51857800505448,3.20023952832121
"FOXO6_HUMAN.H10MO.D","FOXO6_HUMAN.H10MO.D",325,2.71212546295975,2.39438328541731,3.07203302480147
"FOXF1_HUMAN.H10MO.D","FOXF1_HUMAN.H10MO.D",595,2.62540503446668,2.36195658751808,2.91823805375094
"FOXP2_HUMAN.H10MO.A","FOXP2_HUMAN.H10MO.A",402,2.6230602323612,2.33558721456658,2.94591652997708
"FOXQ1_HUMAN.H10MO.C","FOXQ1_HUMAN.H10MO.C",401,2.45241338907134,2.18352865210329,2.7544092105698
"FOXD3_HUMAN.H10MO.D","FOXD3_HUMAN.H10MO.D",561,2.41262132967597,2.16836183744081,2.68439592502576
"EVX1_HUMAN.H10MO.D","EVX1_HUMAN.H10MO.D",521,2.40874194501258,2.16146045004178,2.68431363504746
"FOXO4_HUMAN.H10MO.C","FOXO4_HUMAN.H10MO.C",427,2.32888793619721,2.0780789951012,2.60996768272554
"FOXO3_HUMAN.H10MO.B","FOXO3_HUMAN.H10MO.B",523,2.22643424521079,1.99810164332835,2.48085950221741
"FOXL1_HUMAN.H10MO.D","FOXL1_HUMAN.H10MO.D",638,2.16247435427588,1.94735349797169,2.40135924872993
"FOXO1_HUMAN.H10MO.C","FOXO1_HUMAN.H10MO.C",647,2.15141193790825,1.93766217056919,2.38874113190457
"FOXD2_HUMAN.H10MO.D","FOXD2_HUMAN.H10MO.D",433,2.10107514583375,1.87573855819811,2.3534819120427
"FOXM1_HUMAN.H10MO.D","FOXM1_HUMAN.H10MO.D",496,2.001991104432,1.79440427592096,2.23359275053432
"FOXJ3_HUMAN.H10MO.A","FOXJ3_HUMAN.H10MO.A",601,1.9876670755236,1.78861994218614,2.20886523175608
"FOXG1_HUMAN.H10MO.D","FOXG1_HUMAN.H10MO.D",643,1.93451288286568,1.74224629206542,2.14799716378605
"TEF_HUMAN.H10MO.D","TEF_HUMAN.H10MO.D",243,1.98724694302525,1.72958404273012,2.28329489345285
"CPEB1_HUMAN.H10MO.D","CPEB1_HUMAN.H10MO.D",707,1.89520430529312,1.70777913544853,2.10319899350348
"HNF1A_HUMAN.H10MO.A","HNF1A_HUMAN.H10MO.A",250,1.94572049095453,1.69610387069338,2.23207333839329
"LMX1B_HUMAN.H10MO.D","LMX1B_HUMAN.H10MO.D",424,1.89409791999854,1.68986558906626,2.12301318741282
"FOXP3_HUMAN.H10MO.D","FOXP3_HUMAN.H10MO.D",315,1.91356884401516,1.68738799709968,2.17006742200337
"PO3F3_HUMAN.H10MO.D","PO3F3_HUMAN.H10MO.D",494,1.88237722585708,1.68704849144658,2.10032138281164
"NKX31_HUMAN.H10MO.C","NKX31_HUMAN.H10MO.C",309,1.89976802609156,1.67375480956164,2.15630063157521
"PO3F4_HUMAN.H10MO.D","PO3F4_HUMAN.H10MO.D",325,1.87478188035359,1.65551213371578,2.12309352938007
"HNF6_HUMAN.H10MO.C","HNF6_HUMAN.H10MO.C",280,1.88522283321387,1.65312004350455,2.14991351949037
"BATF_HUMAN.H10MO.S","BATF_HUMAN.H10MO.S",269,1.87942375340635,1.64469853696079,2.14764807378936
"BATF_HUMAN.H10MO.A","BATF_HUMAN.H10MO.A",253,1.88459271296341,1.64391081307204,2.16051239855135
"GATA6_HUMAN.H10MO.S","GATA6_HUMAN.H10MO.S",161,1.93200481164615,1.63807598880241,2.2786748708482
"DLX5_HUMAN.H10MO.D","DLX5_HUMAN.H10MO.D",296,1.8620223815691,1.63721723199014,2.11769536853075
"PO2F2_HUMAN.H10MO.D","PO2F2_HUMAN.H10MO.D",311,1.84805077702091,1.62869596998307,2.09694856338541
"HXD10_HUMAN.H10MO.D","HXD10_HUMAN.H10MO.D",357,1.82388797801257,1.61698522903077,2.05726514789052
"SRY_HUMAN.H10MO.B","SRY_HUMAN.H10MO.B",467,1.80466054690284,1.61492658960033,2.0166859041894
"LMX1A_HUMAN.H10MO.D","LMX1A_HUMAN.H10MO.D",462,1.79709993647092,1.60766076180313,2.00886173152696
"PO2F1_HUMAN.H10MO.B","PO2F1_HUMAN.H10MO.B",306,1.82252230483311,1.60501026513468,2.06951171825401
"PIT1_HUMAN.H10MO.C","PIT1_HUMAN.H10MO.C",301,1.82284517973856,1.60405988050805,2.07147163872941
"FOXJ3_HUMAN.H10MO.S","FOXJ3_HUMAN.H10MO.S",601,1.7810261603424,1.60270915374207,1.97918267105279
"ARI3A_HUMAN.H10MO.D","ARI3A_HUMAN.H10MO.D",571,1.77166102662779,1.59294894773868,1.97042271676539
"PO4F1_HUMAN.H10MO.D","PO4F1_HUMAN.H10MO.D",328,1.79545915333383,1.58613919258938,2.0324026960254
"PO3F2_HUMAN.H10MO.D","PO3F2_HUMAN.H10MO.D",312,1.79173993383318,1.57932529049123,2.03272372691125
"NKX61_HUMAN.H10MO.D","NKX61_HUMAN.H10MO.D",375,1.77786891712154,1.57925512978061,2.00146121222733
"FOSL1_HUMAN.H10MO.A","FOSL1_HUMAN.H10MO.A",260,1.80766795016085,1.57914258905252,2.06926432146911
"DMBX1_HUMAN.H10MO.D","DMBX1_HUMAN.H10MO.D",297,1.78357386343383,1.56852760535014,2.02810311751839
"HXC10_HUMAN.H10MO.D","HXC10_HUMAN.H10MO.D",510,1.7472095062289,1.56719852277017,1.94789684542365
"P5F1B_HUMAN.H10MO.D","P5F1B_HUMAN.H10MO.D",300,1.77778254695045,1.56418106116944,2.02055303104023
"PO4F3_HUMAN.H10MO.D","PO4F3_HUMAN.H10MO.D",337,1.76645126879247,1.56234784538999,1.99721854145716
"FOS_HUMAN.H10MO.A","FOS_HUMAN.H10MO.A",249,1.77666068716022,1.54848483352155,2.03845922734812
"HMX1_HUMAN.H10MO.D","HMX1_HUMAN.H10MO.D",343,1.74558204165328,1.54504945196962,1.97214183679239
"BHE22_HUMAN.H10MO.D","BHE22_HUMAN.H10MO.D",165,1.81586577227792,1.54239866346614,2.13781856859271
"JUN_HUMAN.H10MO.A","JUN_HUMAN.H10MO.A",254,1.76656395347062,1.54134287613973,2.02469434284317
"HNF1B_HUMAN.H10MO.B","HNF1B_HUMAN.H10MO.B",199,1.78668787290964,1.53683998449005,2.07715415229882
"PRRX2_HUMAN.H10MO.C","PRRX2_HUMAN.H10MO.C",117,1.85883288264002,1.53668994285644,2.24850803615012
"ALX4_HUMAN.H10MO.D","ALX4_HUMAN.H10MO.D",245,1.76292701977974,1.53516252080953,2.02448381519279
"GATA5_HUMAN.H10MO.D","GATA5_HUMAN.H10MO.D",204,1.78058560823695,1.53398132419592,2.06683422949915
"BARX1_HUMAN.H10MO.D","BARX1_HUMAN.H10MO.D",273,1.75011423710035,1.53275665724464,1.99829492073933
"HXD8_HUMAN.H10MO.D","HXD8_HUMAN.H10MO.D",245,1.75416259706909,1.52753505446357,2.01441296418351
"UNC4_HUMAN.H10MO.D","UNC4_HUMAN.H10MO.D",242,1.75228691201732,1.52486495687201,2.01362711379099
"HOMEZ_HUMAN.H10MO.D","HOMEZ_HUMAN.H10MO.D",95,1.8782681699276,1.52326777393126,2.31600207037688
"EMX1_HUMAN.H10MO.D","EMX1_HUMAN.H10MO.D",176,1.78513626792266,1.52315322034415,2.09218051899783
"BSH_HUMAN.H10MO.D","BSH_HUMAN.H10MO.D",187,1.77498321478946,1.52066559091895,2.07183317068444
"ALX3_HUMAN.H10MO.D","ALX3_HUMAN.H10MO.D",220,1.75530396390743,1.51916521510139,2.02814807440381
"ONEC2_HUMAN.H10MO.D","ONEC2_HUMAN.H10MO.D",427,1.7021040501189,1.5189839672083,1.90730005054352
"GBX2_HUMAN.H10MO.D","GBX2_HUMAN.H10MO.D",233,1.74379834329676,1.51425402667537,2.00813906287629
"PO2F3_HUMAN.H10MO.D","PO2F3_HUMAN.H10MO.D",178,1.77310689893419,1.51406158733849,2.07647304531025
"CEBPA_HUMAN.H10MO.A","CEBPA_HUMAN.H10MO.A",206,1.75430952007448,1.51227524823496,2.03508051580951
"PROP1_HUMAN.H10MO.D","PROP1_HUMAN.H10MO.D",300,1.70604039431954,1.50108975174123,1.9389738845887
"HXC6_HUMAN.H10MO.D","HXC6_HUMAN.H10MO.D",366,1.68720838042045,1.49734215825995,1.90115004994522
"HXA11_HUMAN.H10MO.D","HXA11_HUMAN.H10MO.D",339,1.6917561858037,1.4966879173926,1.91224834445853
"GATA6_HUMAN.H10MO.B","GATA6_HUMAN.H10MO.B",226,1.72465257651368,1.49501275281619,1.98956597799737
"AIRE_HUMAN.H10MO.C","AIRE_HUMAN.H10MO.C",201,1.73322333792927,1.49182430959846,2.0136842655093
"ZFHX3_HUMAN.H10MO.D","ZFHX3_HUMAN.H10MO.D",265,1.70154188033253,1.48796582938833,1.94577369543206
"NANOG_HUMAN.H10MO.A","NANOG_HUMAN.H10MO.A",385,1.67116655920655,1.48598451629935,1.87942582037486
"NR2E1_HUMAN.H10MO.D","NR2E1_HUMAN.H10MO.D",252,1.70191515769169,1.48433795999658,1.95138525190543
"GATA3_HUMAN.H10MO.C","GATA3_HUMAN.H10MO.C",245,1.6941091439477,1.47527072151933,1.94540957787836
"BPTF_HUMAN.H10MO.D","BPTF_HUMAN.H10MO.D",466,1.64603513638743,1.47292746889153,1.83948750189376
"FUBP1_HUMAN.H10MO.D","FUBP1_HUMAN.H10MO.D",493,1.64275437510134,1.47226849552563,1.83298219388383
"RAX2_HUMAN.H10MO.D","RAX2_HUMAN.H10MO.D",204,1.70688747067397,1.47053344061826,1.98122991090829
"DLX4_HUMAN.H10MO.D","DLX4_HUMAN.H10MO.D",250,1.67997950322562,1.46458695364948,1.92704920948904
"HXA10_HUMAN.H10MO.C","HXA10_HUMAN.H10MO.C",210,1.6893761219622,1.45805951596636,1.95739038784333
"TBP_HUMAN.H10MO.C","TBP_HUMAN.H10MO.C",198,1.6945568794665,1.45718229368643,1.97059971850383
"DLX6_HUMAN.H10MO.D","DLX6_HUMAN.H10MO.D",223,1.67872216472271,1.45408771425887,1.93805922345453
"HXD9_HUMAN.H10MO.D","HXD9_HUMAN.H10MO.D",256,1.66062494381778,1.44956840293102,1.90241122699267
"FOSL2_HUMAN.H10MO.A","FOSL2_HUMAN.H10MO.A",241,1.66432901772349,1.44803425162063,1.91293201534167
"HXD11_HUMAN.H10MO.D","HXD11_HUMAN.H10MO.D",342,1.63450695903332,1.4465979465821,1.84682482471416
"PHX2B_HUMAN.H10MO.D","PHX2B_HUMAN.H10MO.D",213,1.67395890693833,1.4460076600608,1.93784479813912
"FOXC2_HUMAN.H10MO.D","FOXC2_HUMAN.H10MO.D",301,1.63967028096017,1.4429461621751,1.86321478980986
"MNX1_HUMAN.H10MO.D","MNX1_HUMAN.H10MO.D",393,1.62099882167961,1.44248210590442,1.8216081635475
"GATA4_HUMAN.H10MO.B","GATA4_HUMAN.H10MO.B",208,1.6693015683552,1.43990099615301,1.93524953004269
"ZN333_HUMAN.H10MO.D","ZN333_HUMAN.H10MO.D",114,1.74303158576859,1.43778942604037,2.11307654233762
"HMX2_HUMAN.H10MO.D","HMX2_HUMAN.H10MO.D",190,1.67148072497945,1.43354812234043,1.94890410055893
"HXD4_HUMAN.H10MO.D","HXD4_HUMAN.H10MO.D",207,1.66228978956593,1.43343171608416,1.92768676281537
"GSX1_HUMAN.H10MO.D","GSX1_HUMAN.H10MO.D",256,1.63902299905643,1.43072220589832,1.87765058818614
"VSX1_HUMAN.H10MO.D","VSX1_HUMAN.H10MO.D",203,1.65996209345028,1.42969491274913,1.92731618971309
"FOSB_HUMAN.H10MO.C","FOSB_HUMAN.H10MO.C",245,1.63736711250979,1.42588629300124,1.88021378302589
"PITX3_HUMAN.H10MO.D","PITX3_HUMAN.H10MO.D",173,1.67245958686711,1.42540141755835,1.96233919459338
"DLX1_HUMAN.H10MO.D","DLX1_HUMAN.H10MO.D",335,1.61037937484179,1.42400428748322,1.82114741768037
"JUND_HUMAN.H10MO.A","JUND_HUMAN.H10MO.A",235,1.63710308126615,1.42234772984523,1.88428359848598
"DRGX_HUMAN.H10MO.D","DRGX_HUMAN.H10MO.D",214,1.64578064398085,1.42208411803369,1.9046650572592
"GSX2_HUMAN.H10MO.D","GSX2_HUMAN.H10MO.D",285,1.61725908914642,1.41950487561156,1.84256285861637
"PHX2A_HUMAN.H10MO.D","PHX2A_HUMAN.H10MO.D",209,1.64233098675705,1.41706853142119,1.90340199521424
"LHX8_HUMAN.H10MO.D","LHX8_HUMAN.H10MO.D",173,1.660134411948,1.41490481766963,1.94786690335338
"DUXA_HUMAN.H10MO.D","DUXA_HUMAN.H10MO.D",162,1.66066411794127,1.40882540743999,1.9575209944779
"MAFF_HUMAN.H10MO.A","MAFF_HUMAN.H10MO.A",242,1.61729430870998,1.40745866889201,1.85841399026289
"PAX7_HUMAN.H10MO.D","PAX7_HUMAN.H10MO.D",126,1.68408350492435,1.40115834783535,2.02413756870509
"HXC8_HUMAN.H10MO.D","HXC8_HUMAN.H10MO.D",166,1.64735356597772,1.39997392025283,1.93844594679979
"NR1D1_HUMAN.H10MO.C","NR1D1_HUMAN.H10MO.C",207,1.62039445483594,1.39732750900377,1.87907142194249
"MSX1_HUMAN.H10MO.D","MSX1_HUMAN.H10MO.D",259,1.59725180802104,1.39514012596931,1.8286430808905
"CUX2_HUMAN.H10MO.D","CUX2_HUMAN.H10MO.D",92,1.72399128815979,1.39389680487916,2.13225681502908
"LHX3_HUMAN.H10MO.C","LHX3_HUMAN.H10MO.C",233,1.60375877694893,1.39271863697914,1.84677805433808
"NKX22_HUMAN.H10MO.D","NKX22_HUMAN.H10MO.D",202,1.61633132074732,1.39171137075299,1.87720456506385
"ZN232_HUMAN.H10MO.D","ZN232_HUMAN.H10MO.D",176,1.62713449910054,1.38843742227267,1.90686784704311
"HXA9_HUMAN.H10MO.D","HXA9_HUMAN.H10MO.D",192,1.6162627493101,1.38716453963471,1.88319784723977
"ARI3A_HUMAN.H10MO.S","ARI3A_HUMAN.H10MO.S",218,1.5995042436375,1.38365617269058,1.84902425610507
"ERF_HUMAN.H10MO.D","ERF_HUMAN.H10MO.D",134,1.65105895868323,1.38063287115432,1.97445370308255
"VSX2_HUMAN.H10MO.D","VSX2_HUMAN.H10MO.D",130,1.65505593945759,1.38058060161271,1.98410013840125
"RORA_HUMAN.H10MO.B","RORA_HUMAN.H10MO.B",167,1.62108376669951,1.37825025390957,1.90670204572958
"PO6F1_HUMAN.H10MO.D","PO6F1_HUMAN.H10MO.D",169,1.61695907001682,1.37589594280663,1.90025753602874
"GBX1_HUMAN.H10MO.D","GBX1_HUMAN.H10MO.D",226,1.5854680268816,1.3744313059659,1.82890832983268
"MEF2C_HUMAN.H10MO.C","MEF2C_HUMAN.H10MO.C",404,1.54061625741469,1.37232867611576,1.72954081184719
"DLX3_HUMAN.H10MO.C","DLX3_HUMAN.H10MO.C",144,1.6264670791048,1.36780346718671,1.93404624485471
"EMX2_HUMAN.H10MO.D","EMX2_HUMAN.H10MO.D",155,1.6156713996299,1.36628773534302,1.91057418145283
"EVI1_HUMAN.H10MO.B","EVI1_HUMAN.H10MO.B",233,1.57319220034718,1.36618933886783,1.8115598100657
"SOX3_HUMAN.H10MO.D","SOX3_HUMAN.H10MO.D",206,1.58230052810186,1.36409064173282,1.83541685913993
"SOX18_HUMAN.H10MO.D","SOX18_HUMAN.H10MO.D",251,1.56181938712141,1.36192464475338,1.79105342383317
"HME1_HUMAN.H10MO.D","HME1_HUMAN.H10MO.D",190,1.58504651112511,1.35946723898786,1.8480566286396
"NOTO_HUMAN.H10MO.D","NOTO_HUMAN.H10MO.D",155,1.60627552706803,1.35834837716573,1.89945459664863
"OLIG2_HUMAN.H10MO.D","OLIG2_HUMAN.H10MO.D",117,1.6397605930322,1.35575866156057,1.98325474783714
"PO5F1_HUMAN.H10MO.A","PO5F1_HUMAN.H10MO.A",290,1.54047479106683,1.35328692116753,1.753554656292
"CDX2_HUMAN.H10MO.C","CDX2_HUMAN.H10MO.C",200,1.57217157488381,1.35286721491616,1.8270259147538
"LHX9_HUMAN.H10MO.D","LHX9_HUMAN.H10MO.D",229,1.55875514108082,1.35231820138592,1.79670552933164
"SOX2_HUMAN.H10MO.B","SOX2_HUMAN.H10MO.B",305,1.53370221849736,1.35056483202157,1.74167314241614
"PO6F2_HUMAN.H10MO.D","PO6F2_HUMAN.H10MO.D",147,1.60320734492399,1.35038744985706,1.90336024752771
"MEF2A_HUMAN.H10MO.A","MEF2A_HUMAN.H10MO.A",335,1.52523191850153,1.34874064420371,1.72481819630289
"CEBPB_HUMAN.H10MO.A","CEBPB_HUMAN.H10MO.A",134,1.6116175957089,1.34768024814892,1.92724593119623
"CDC5L_HUMAN.H10MO.D","CDC5L_HUMAN.H10MO.D",163,1.58686115284654,1.34685536754309,1.86963528460148
"MAFK_HUMAN.H10MO.A","MAFK_HUMAN.H10MO.A",234,1.54605607133337,1.3429635245086,1.77986172527016
"PO3F1_HUMAN.H10MO.C","PO3F1_HUMAN.H10MO.C",219,1.55092409020368,1.34202136915392,1.79234518083015
"ARX_HUMAN.H10MO.D","ARX_HUMAN.H10MO.D",197,1.5597365441694,1.34089052235355,1.81430030763991
"HXD12_HUMAN.H10MO.D","HXD12_HUMAN.H10MO.D",285,1.52550718269543,1.33900908771006,1.73798085899119
"HXA13_HUMAN.H10MO.C","HXA13_HUMAN.H10MO.C",179,1.56488232951717,1.33688776784681,1.83175937736285
"HXC13_HUMAN.H10MO.D","HXC13_HUMAN.H10MO.D",161,1.57533059711881,1.3358917269189,1.85768534995154
"ONEC3_HUMAN.H10MO.D","ONEC3_HUMAN.H10MO.D",271,1.52423884664734,1.33452950212426,1.74091622398055
"ISX_HUMAN.H10MO.D","ISX_HUMAN.H10MO.D",195,1.54656305641311,1.32870741987871,1.80013842903067
"OLIG1_HUMAN.H10MO.D","OLIG1_HUMAN.H10MO.D",170,1.56050107920165,1.32843659204591,1.83310489395594
"VAX1_HUMAN.H10MO.D","VAX1_HUMAN.H10MO.D",221,1.53416638971524,1.32824323043451,1.77201468631761
"NF2L1_HUMAN.H10MO.C","NF2L1_HUMAN.H10MO.C",137,1.58528144421487,1.32801826085224,1.89238155186152
"HXB6_HUMAN.H10MO.D","HXB6_HUMAN.H10MO.D",175,1.55454672706912,1.32602446095182,1.82245169512686
"SOX5_HUMAN.H10MO.C","SOX5_HUMAN.H10MO.C",166,1.55926763989608,1.32516999925947,1.83471975232293
"EVX2_HUMAN.H10MO.A","EVX2_HUMAN.H10MO.A",246,1.52115740722918,1.32503500745413,1.74630847075811
"LHX2_HUMAN.H10MO.D","LHX2_HUMAN.H10MO.D",165,1.55782479516422,1.32337799895251,1.83380568087828
"ALX1_HUMAN.H10MO.B","ALX1_HUMAN.H10MO.B",185,1.54223117941207,1.32045675824871,1.8012532374822
"HMBX1_HUMAN.H10MO.D","HMBX1_HUMAN.H10MO.D",103,1.61392677904094,1.31922933538069,1.97445552357567
"ARI5B_HUMAN.H10MO.C","ARI5B_HUMAN.H10MO.C",146,1.56637487519864,1.31870200468868,1.86056458618395
"VENTX_HUMAN.H10MO.D","VENTX_HUMAN.H10MO.D",212,1.52650214177404,1.31833036229607,1.76754541614465
"MEF2D_HUMAN.H10MO.C","MEF2D_HUMAN.H10MO.C",247,1.50837217817715,1.31419535336001,1.73123928804185
"NR2E3_HUMAN.H10MO.C","NR2E3_HUMAN.H10MO.C",350,1.48284237444505,1.31367832043916,1.67378990216934
"OVOL1_HUMAN.H10MO.C","OVOL1_HUMAN.H10MO.C",98,1.61316517576888,1.31243239944487,1.98280832248133
"CEBPD_HUMAN.H10MO.B","CEBPD_HUMAN.H10MO.B",156,1.54869650057355,1.31031301459468,1.83044877382271
"PBX1_HUMAN.H10MO.B","PBX1_HUMAN.H10MO.B",159,1.54629750169034,1.31010495358785,1.82507207318446
"PBX2_HUMAN.H10MO.C","PBX2_HUMAN.H10MO.C",196,1.52338031074887,1.30923059914048,1.77255830462631
"MEOX2_HUMAN.H10MO.D","MEOX2_HUMAN.H10MO.D",183,1.53007207339842,1.30910809043207,1.78833250432443
"HXA7_HUMAN.H10MO.D","HXA7_HUMAN.H10MO.D",94,1.60163062615432,1.29781660861293,1.97656636971005
"HXB3_HUMAN.H10MO.D","HXB3_HUMAN.H10MO.D",229,1.49319792242067,1.29547408564772,1.72109968097634
"HMX3_HUMAN.H10MO.D","HMX3_HUMAN.H10MO.D",151,1.5336156808128,1.29443411983365,1.81699247601505
"ZSC16_HUMAN.H10MO.D","ZSC16_HUMAN.H10MO.D",181,1.50767640874749,1.28901224041744,1.76343411041434
"BARX2_HUMAN.H10MO.D","BARX2_HUMAN.H10MO.D",175,1.51045456807858,1.28843940141032,1.77072588724947
"PDX1_HUMAN.H10MO.C","PDX1_HUMAN.H10MO.C",120,1.55139637958944,1.2855629316554,1.87219984906066
"NANOG_HUMAN.H10MO.S","NANOG_HUMAN.H10MO.S",144,1.52150226329492,1.27960062007083,1.80913411645848
"HBP1_HUMAN.H10MO.D","HBP1_HUMAN.H10MO.D",156,1.51138473427097,1.27876766160483,1.78631653237195
"MSX2_HUMAN.H10MO.D","MSX2_HUMAN.H10MO.D",92,1.58135654845098,1.27869725159005,1.95565332624217
"SOX13_HUMAN.H10MO.D","SOX13_HUMAN.H10MO.D",135,1.51959565044754,1.27154842116772,1.8160306775722
"NKX62_HUMAN.H10MO.D","NKX62_HUMAN.H10MO.D",170,1.49197656196566,1.27014226196219,1.75255491303473
"GFI1B_HUMAN.H10MO.C","GFI1B_HUMAN.H10MO.C",210,1.47079450981352,1.26951535300454,1.70398608018242
"CEBPG_HUMAN.H10MO.C","CEBPG_HUMAN.H10MO.C",168,1.49045515799175,1.26779821313153,1.75221620836417
"PAX3_HUMAN.H10MO.D","PAX3_HUMAN.H10MO.D",145,1.50641805366905,1.26759778304005,1.79023297672363
"BCL6_HUMAN.H10MO.C","BCL6_HUMAN.H10MO.C",278,1.43951136202769,1.26200446641292,1.64198544185565
"NGN2_HUMAN.H10MO.D","NGN2_HUMAN.H10MO.D",145,1.49942303681126,1.26171623347161,1.78191370109758
"MIXL1_HUMAN.H10MO.D","MIXL1_HUMAN.H10MO.D",142,1.50012050788661,1.26026988131513,1.78561875638389
"SOX8_HUMAN.H10MO.D","SOX8_HUMAN.H10MO.D",224,1.45423279291611,1.26007283364748,1.67831014170109
"BARH1_HUMAN.H10MO.D","BARH1_HUMAN.H10MO.D",151,1.49262098611359,1.25985860193569,1.76838686878324
"CDX1_HUMAN.H10MO.C","CDX1_HUMAN.H10MO.C",185,1.46966337603056,1.2583635242922,1.71644393464157
"RORG_HUMAN.H10MO.C","RORG_HUMAN.H10MO.C",177,1.47156472514892,1.25626111708784,1.72376802151013
"MEOX1_HUMAN.H10MO.D","MEOX1_HUMAN.H10MO.D",154,1.48197595809972,1.25271183984887,1.75319867708007
"ANDR_HUMAN.H10MO.A","ANDR_HUMAN.H10MO.A",263,1.43257271331539,1.25237239293378,1.63870154797028
"IRX3_HUMAN.H10MO.D","IRX3_HUMAN.H10MO.D",181,1.46331609605855,1.25110991353799,1.71151549021676
"HXB8_HUMAN.H10MO.C","HXB8_HUMAN.H10MO.C",162,1.4715997893574,1.24854431858215,1.73450466099274
"NFAC4_HUMAN.H10MO.C","NFAC4_HUMAN.H10MO.C",359,1.40587786097296,1.24679822744547,1.58525454758103
"SHOX_HUMAN.H10MO.D","SHOX_HUMAN.H10MO.D",226,1.43551218865165,1.24450423513704,1.65583626442262
"SOX15_HUMAN.H10MO.D","SOX15_HUMAN.H10MO.D",123,1.49839282696712,1.24428287045655,1.80439763112925
"LHX6_HUMAN.H10MO.D","LHX6_HUMAN.H10MO.D",177,1.45597434862751,1.24296035889827,1.70549389502679
"PO4F2_HUMAN.H10MO.D","PO4F2_HUMAN.H10MO.D",175,1.45593975233451,1.24196778994032,1.70677579531249
"IRF5_HUMAN.H10MO.D","IRF5_HUMAN.H10MO.D",505,1.38340081728706,1.24063766017912,1.54259207397766
"SHOX2_HUMAN.H10MO.D","SHOX2_HUMAN.H10MO.D",227,1.43065356293153,1.24061173534015,1.64980675164056
"DLX2_HUMAN.H10MO.D","DLX2_HUMAN.H10MO.D",118,1.49753513498491,1.23918110206916,1.80975280914921
"VAX2_HUMAN.H10MO.D","VAX2_HUMAN.H10MO.D",131,1.48379431879864,1.23861030959584,1.77751272005602
"MEIS1_HUMAN.H10MO.C","MEIS1_HUMAN.H10MO.C",202,1.43693384851862,1.23733384074826,1.66873225076418
"MEF2B_HUMAN.H10MO.D","MEF2B_HUMAN.H10MO.D",194,1.43980441080429,1.23663438554168,1.67635379187961
"HXC12_HUMAN.H10MO.D","HXC12_HUMAN.H10MO.D",195,1.43773678559647,1.23526640950893,1.67339373008534
"NFIL3_HUMAN.H10MO.C","NFIL3_HUMAN.H10MO.C",88,1.52944002945407,1.23126734109833,1.89982039287246
"IRF9_HUMAN.H10MO.C","IRF9_HUMAN.H10MO.C",257,1.40782307883753,1.22925354276101,1.61233281203804
"LBX2_HUMAN.H10MO.D","LBX2_HUMAN.H10MO.D",112,1.49180473666326,1.22882013888703,1.81107169544487
"OLIG3_HUMAN.H10MO.D","OLIG3_HUMAN.H10MO.D",106,1.4979808195525,1.22779337300788,1.82762554765211
"HXB13_HUMAN.H10MO.D","HXB13_HUMAN.H10MO.D",202,1.42419487560234,1.22637067252055,1.65392983470745
"HXC11_HUMAN.H10MO.D","HXC11_HUMAN.H10MO.D",116,1.48423457730388,1.22636728355064,1.79632342611615
"ETV2_HUMAN.H10MO.D","ETV2_HUMAN.H10MO.D",374,1.37833710302664,1.22434205197341,1.55170131297682
"SOX1_HUMAN.H10MO.D","SOX1_HUMAN.H10MO.D",198,1.42173169311703,1.22271088645377,1.65314714182013
"LHX4_HUMAN.H10MO.D","LHX4_HUMAN.H10MO.D",146,1.45216041672483,1.22261800508135,1.72479864286157
"GATA2_HUMAN.H10MO.A","GATA2_HUMAN.H10MO.A",172,1.43450011670598,1.2222357331731,1.68362823060912
"TF7L2_HUMAN.H10MO.A","TF7L2_HUMAN.H10MO.A",285,1.39241275326035,1.22223458867486,1.58628572076668
"HXD13_HUMAN.H10MO.D","HXD13_HUMAN.H10MO.D",221,1.41152658400263,1.22212080655929,1.6302867005067
"ZN713_HUMAN.H10MO.D","ZN713_HUMAN.H10MO.D",510,1.35842335698542,1.21853659263924,1.51436897993088
"OTX2_HUMAN.H10MO.C","OTX2_HUMAN.H10MO.C",191,1.4147699506777,1.21392455157654,1.64884548281119
"BRCA1_HUMAN.H10MO.D","BRCA1_HUMAN.H10MO.D",173,1.42415424064573,1.21391222100377,1.67080886579436
"SOX7_HUMAN.H10MO.D","SOX7_HUMAN.H10MO.D",194,1.41315905581758,1.21376233940301,1.64531263840456
"PAX4_HUMAN.H10MO.D","PAX4_HUMAN.H10MO.D",150,1.43703209629239,1.21236801195525,1.70332871323788
"ESX1_HUMAN.H10MO.D","ESX1_HUMAN.H10MO.D",180,1.41774610258618,1.21172165533649,1.65880010689429
"HXD3_HUMAN.H10MO.D","HXD3_HUMAN.H10MO.D",122,1.45999984060189,1.21159233784844,1.75933725228311
"CEBPE_HUMAN.H10MO.A","CEBPE_HUMAN.H10MO.A",115,1.46728797759337,1.21146160497716,1.77713763304173
"BRAC_HUMAN.H10MO.D","BRAC_HUMAN.H10MO.D",151,1.4347541439505,1.21105046182168,1.69978008223263
"MYBB_HUMAN.H10MO.D","MYBB_HUMAN.H10MO.D",144,1.42915354087278,1.20199129366939,1.69924678668346
"STAT6_HUMAN.H10MO.C","STAT6_HUMAN.H10MO.C",241,1.37809066860045,1.19911481606253,1.58377985614397
"BATF3_HUMAN.H10MO.D","BATF3_HUMAN.H10MO.D",61,1.54934817075631,1.19711607186896,2.00521888447981
"GATA1_HUMAN.H10MO.S","GATA1_HUMAN.H10MO.S",155,1.41440868517302,1.19620804062839,1.67241137055219
"ZN652_HUMAN.H10MO.D","ZN652_HUMAN.H10MO.D",148,1.41905284386824,1.1959996004786,1.68370538993886
"FOXH1_HUMAN.H10MO.A","FOXH1_HUMAN.H10MO.A",179,1.39897736082243,1.19524152369691,1.63744115083971
"ZN282_HUMAN.H10MO.D","ZN282_HUMAN.H10MO.D",224,1.37869646110576,1.19465499254094,1.59109026767859
"RX_HUMAN.H10MO.D","RX_HUMAN.H10MO.D",141,1.4153734605746,1.18847235674669,1.68559413395417
"PITX1_HUMAN.H10MO.D","PITX1_HUMAN.H10MO.D",177,1.39138301689811,1.18785299842772,1.62978643171753
"IRF7_HUMAN.H10MO.C","IRF7_HUMAN.H10MO.C",342,1.34144911241523,1.18731778063377,1.51558896072378
"GRHL1_HUMAN.H10MO.D","GRHL1_HUMAN.H10MO.D",71,1.50262267200447,1.18212158417004,1.91001917624834
"TAL1_HUMAN.H10MO.A","TAL1_HUMAN.H10MO.A",136,1.40840271074961,1.1792691459673,1.68205723216798
"SOX9_HUMAN.H10MO.B","SOX9_HUMAN.H10MO.B",210,1.36580718969031,1.17894381269742,1.58228853599193
"STA5B_HUMAN.H10MO.C","STA5B_HUMAN.H10MO.C",285,1.34289135395422,1.17878301839228,1.52984659635203
"HSFY1_HUMAN.H10MO.D","HSFY1_HUMAN.H10MO.D",53,1.54978643194085,1.17611359807313,2.0421819699755
"GATA1_HUMAN.H10MO.A","GATA1_HUMAN.H10MO.A",155,1.38854887481261,1.17435243407645,1.64181375351742
"JUNB_HUMAN.H10MO.C","JUNB_HUMAN.H10MO.C",263,1.34306760920213,1.17415975971754,1.53627356750998
"HXA2_HUMAN.H10MO.D","HXA2_HUMAN.H10MO.D",126,1.41020590403722,1.17347244787061,1.69469738756125
"SOX21_HUMAN.H10MO.D","SOX21_HUMAN.H10MO.D",190,1.36569225085261,1.1714390482549,1.59215737841192
"NR4A2_HUMAN.H10MO.C","NR4A2_HUMAN.H10MO.C",250,1.34346529774439,1.17135080091315,1.54086974187099
"TEAD3_HUMAN.H10MO.D","TEAD3_HUMAN.H10MO.D",238,1.34607033346795,1.1704484782988,1.5480436569716
"STA5A_HUMAN.H10MO.B","STA5A_HUMAN.H10MO.B",277,1.33424112497485,1.16954194189621,1.52213385070046
"NR4A3_HUMAN.H10MO.D","NR4A3_HUMAN.H10MO.D",255,1.33379468321625,1.16415980504897,1.52814781034387
"MGAP_HUMAN.H10MO.D","MGAP_HUMAN.H10MO.D",137,1.38932537620176,1.16398352365057,1.65829237419482
"NFAC1_HUMAN.H10MO.A","NFAC1_HUMAN.H10MO.A",248,1.32781260631556,1.15720540467277,1.52357248797078
"NFAC2_HUMAN.H10MO.B","NFAC2_HUMAN.H10MO.B",337,1.30111132439514,1.15091109712193,1.47091350730969
"PPARA_HUMAN.H10MO.S","PPARA_HUMAN.H10MO.S",148,1.36420220540223,1.14980240223658,1.61858042182223
"STAT2_HUMAN.H10MO.B","STAT2_HUMAN.H10MO.B",481,1.28136425238986,1.14769363789383,1.43060333619668
"SOX10_HUMAN.H10MO.D","SOX10_HUMAN.H10MO.D",173,1.34537531464339,1.14680384320702,1.57832984949724
"DPRX_HUMAN.H10MO.D","DPRX_HUMAN.H10MO.D",78,1.44242059183693,1.14670955138192,1.81438897168675
"SOX17_HUMAN.H10MO.D","SOX17_HUMAN.H10MO.D",184,1.33932058277199,1.14641338753017,1.56468830785482
"ETV3_HUMAN.H10MO.D","ETV3_HUMAN.H10MO.D",162,1.34706146714568,1.14295001067856,1.58762376247004
"HXB7_HUMAN.H10MO.C","HXB7_HUMAN.H10MO.C",145,1.35530102078005,1.14052617220678,1.61052056646222
"NOBOX_HUMAN.H10MO.C","NOBOX_HUMAN.H10MO.C",118,1.37588331508852,1.13859770986799,1.66261962441366
"SOX11_HUMAN.H10MO.D","SOX11_HUMAN.H10MO.D",174,1.33470040017314,1.13816102820833,1.56517848887045
"HXA5_HUMAN.H10MO.D","HXA5_HUMAN.H10MO.D",122,1.3710194508482,1.13780928519186,1.652029350672
"ZN410_HUMAN.H10MO.D","ZN410_HUMAN.H10MO.D",119,1.37133616628531,1.13566136443164,1.6559186918393
"HMGA1_HUMAN.H10MO.D","HMGA1_HUMAN.H10MO.D",188,1.32375474645733,1.13470341202171,1.54430365697604
"MEIS2_HUMAN.H10MO.B","MEIS2_HUMAN.H10MO.B",210,1.31429786394333,1.13450447337681,1.5225844548894
"PRRX1_HUMAN.H10MO.D","PRRX1_HUMAN.H10MO.D",80,1.41524634186442,1.12819257995446,1.77533715763443
"MAFK_HUMAN.H10MO.S","MAFK_HUMAN.H10MO.S",180,1.31759394076819,1.12617282340405,1.54155184414904
"FOXI1_HUMAN.H10MO.B","FOXI1_HUMAN.H10MO.B",163,1.31992310840539,1.12043138555115,1.55493413926954
"BARH2_HUMAN.H10MO.D","BARH2_HUMAN.H10MO.D",136,1.33499910762092,1.11785136840094,1.59432878800164
"PPARG_HUMAN.H10MO.S","PPARG_HUMAN.H10MO.S",198,1.29748476502313,1.11591311437989,1.5086001712621
"IRF3_HUMAN.H10MO.C","IRF3_HUMAN.H10MO.C",417,1.24430498856149,1.10965942251935,1.39528838591195
"HME2_HUMAN.H10MO.D","HME2_HUMAN.H10MO.D",95,1.36661882328978,1.10870272476175,1.68453361433857
"TF2LX_HUMAN.H10MO.D","TF2LX_HUMAN.H10MO.D",164,1.30532017635944,1.10852636149601,1.5370502876554
"GFI1_HUMAN.H10MO.C","GFI1_HUMAN.H10MO.C",216,1.27985178714682,1.10666540829073,1.48014077677992
"EOMES_HUMAN.H10MO.D","EOMES_HUMAN.H10MO.D",245,1.27000546774296,1.10611213394575,1.45818298036691
"GSC_HUMAN.H10MO.D","GSC_HUMAN.H10MO.D",88,1.37031609394254,1.10328886380793,1.70197149533164
"TCF7_HUMAN.H10MO.C","TCF7_HUMAN.H10MO.C",193,1.28205016974199,1.10084717393012,1.49307976316774
"RXRG_HUMAN.H10MO.B","RXRG_HUMAN.H10MO.B",193,1.28011803400465,1.09918900430718,1.49082839672037
"OTX1_HUMAN.H10MO.D","OTX1_HUMAN.H10MO.D",89,1.36326005275665,1.09886642384924,1.69126832079551
"ZN384_HUMAN.H10MO.C","ZN384_HUMAN.H10MO.C",234,1.2628055973561,1.09703203084397,1.45362936712711
"ISL2_HUMAN.H10MO.D","ISL2_HUMAN.H10MO.D",128,1.31232163050458,1.09350233753735,1.57492856006939
"HLF_HUMAN.H10MO.C","HLF_HUMAN.H10MO.C",70,1.39128540642314,1.09285898344789,1.77120297443966
"PRGR_HUMAN.H10MO.C","PRGR_HUMAN.H10MO.C",224,1.25969582901036,1.09158759226419,1.45369331134908
"NFAC1_HUMAN.H10MO.S","NFAC1_HUMAN.H10MO.S",182,1.27332254608992,1.08916009658073,1.48862441019546
"PRGR_HUMAN.H10MO.S","PRGR_HUMAN.H10MO.S",184,1.26996569142864,1.0870803784002,1.48361877323122
"GCR_HUMAN.H10MO.S","GCR_HUMAN.H10MO.S",184,1.26982381643054,1.08695900087271,1.48345293932852
"MAFG_HUMAN.H10MO.C","MAFG_HUMAN.H10MO.C",249,1.24293177148281,1.08349836060228,1.42582531246529
"RUNX3_HUMAN.H10MO.C","RUNX3_HUMAN.H10MO.C",230,1.24444496852621,1.08002747979433,1.43389247835167
"TBX19_HUMAN.H10MO.D","TBX19_HUMAN.H10MO.D",110,1.31192656543971,1.07903497506349,1.59508389707679
"ISL1_HUMAN.H10MO.D","ISL1_HUMAN.H10MO.D",68,1.37494854427575,1.07643336157919,1.75624759217102
"RXRA_HUMAN.H10MO.C","RXRA_HUMAN.H10MO.C",329,1.21585101170231,1.07440773350273,1.37591496836874
"ZBT49_HUMAN.H10MO.D","ZBT49_HUMAN.H10MO.D",89,1.33216644151824,1.07382648202174,1.65265753603518
"LEF1_HUMAN.H10MO.C","LEF1_HUMAN.H10MO.C",108,1.30746222268803,1.07359054015822,1.5922806692246
"STAT4_HUMAN.H10MO.D","STAT4_HUMAN.H10MO.D",297,1.22041374351109,1.073442035977,1.38750827285718
"DBP_HUMAN.H10MO.B","DBP_HUMAN.H10MO.B",119,1.29555585536475,1.07295183294336,1.56434326577874
"BC11A_HUMAN.H10MO.C","BC11A_HUMAN.H10MO.C",614,1.18731860127316,1.06882112529441,1.31895359061222
"NFAC3_HUMAN.H10MO.B","NFAC3_HUMAN.H10MO.B",274,1.21779700548577,1.06692541592344,1.3900030165525
"IRF8_HUMAN.H10MO.D","IRF8_HUMAN.H10MO.D",399,1.19777386426584,1.06654061352565,1.34515480397486
"NR6A1_HUMAN.H10MO.B","NR6A1_HUMAN.H10MO.B",207,1.22757405916622,1.05874737540071,1.42332165892501
"IRF2_HUMAN.H10MO.C","IRF2_HUMAN.H10MO.C",310,1.20067702948465,1.05819546225158,1.36234314033502
"TBX4_HUMAN.H10MO.D","TBX4_HUMAN.H10MO.D",156,1.24656982310498,1.054845997051,1.47314046621048
"PBX3_HUMAN.H10MO.B","PBX3_HUMAN.H10MO.B",131,1.26169484363306,1.05333875520234,1.51126489041452
"TBX2_HUMAN.H10MO.D","TBX2_HUMAN.H10MO.D",277,1.19368382230934,1.04637991544074,1.36172440489061
"NFE2_HUMAN.H10MO.B","NFE2_HUMAN.H10MO.B",213,1.21066692378619,1.0459910224818,1.40126862357982
"IRF1_HUMAN.H10MO.A","IRF1_HUMAN.H10MO.A",429,1.17159697948698,1.04581460020506,1.31250747701731
"PRDM1_HUMAN.H10MO.C","PRDM1_HUMAN.H10MO.C",353,1.17545677449972,1.04179865698656,1.32626263189272
"TBX3_HUMAN.H10MO.D","TBX3_HUMAN.H10MO.D",214,1.20379807018774,1.04035269041064,1.39292165738115
"HXB2_HUMAN.H10MO.D","HXB2_HUMAN.H10MO.D",161,1.22599483232678,1.03982496065208,1.4454964881295
"ATF7_HUMAN.H10MO.D","ATF7_HUMAN.H10MO.D",85,1.29460827546944,1.03869998391708,1.61356562324523
"TGIF2_HUMAN.H10MO.D","TGIF2_HUMAN.H10MO.D",200,1.2068200797767,1.03863250989377,1.40224255555144
"RXRB_HUMAN.H10MO.C","RXRB_HUMAN.H10MO.C",256,1.18928013754959,1.03829038404525,1.36222704871774
"SPI1_HUMAN.H10MO.A","SPI1_HUMAN.H10MO.A",430,1.16239065047095,1.03767666469008,1.30209348468468
"ELF5_HUMAN.H10MO.D","ELF5_HUMAN.H10MO.D",217,1.1994702492459,1.037478445747,1.38675544029264
"NR1I3_HUMAN.H10MO.S","NR1I3_HUMAN.H10MO.S",158,1.22460296497531,1.0372330297187,1.44582015695453
"PAX6_HUMAN.H10MO.D","PAX6_HUMAN.H10MO.D",108,1.2611589081447,1.03559940848736,1.53584656244245
"RUNX1_HUMAN.H10MO.A","RUNX1_HUMAN.H10MO.A",212,1.19849782363573,1.03518761543017,1.3875716941056
"NR2F6_HUMAN.H10MO.D","NR2F6_HUMAN.H10MO.D",296,1.17500682062494,1.03335138323311,1.3360808829572
"MITF_HUMAN.H10MO.C","MITF_HUMAN.H10MO.C",161,1.21621453192992,1.0315346007782,1.43395847949416
"STAT1_HUMAN.H10MO.S","STAT1_HUMAN.H10MO.S",252,1.17956566076792,1.02894674350079,1.35223242296194
"MCR_HUMAN.H10MO.D","MCR_HUMAN.H10MO.D",198,1.19447673558131,1.02736316173006,1.38877343961051
"BHA15_HUMAN.H10MO.D","BHA15_HUMAN.H10MO.D",84,1.28188924053539,1.0272454360131,1.59965668124852
"NR1I2_HUMAN.H10MO.C","NR1I2_HUMAN.H10MO.C",210,1.18798317386469,1.02551963571718,1.3761842993856
"HNF4A_HUMAN.H10MO.A","HNF4A_HUMAN.H10MO.A",250,1.17571115996552,1.02514563611306,1.34839059249042
"TBR1_HUMAN.H10MO.D","TBR1_HUMAN.H10MO.D",194,1.19290112270272,1.02467607876514,1.38874432421641
"COT1_HUMAN.H10MO.S","COT1_HUMAN.H10MO.S",220,1.18091885479935,1.02227172377156,1.36418655548399
"HXA1_HUMAN.H10MO.C","HXA1_HUMAN.H10MO.C",162,1.20343034920604,1.02115163570221,1.41824637473579
"HMGA2_HUMAN.H10MO.D","HMGA2_HUMAN.H10MO.D",105,1.24617615373877,1.02068005037355,1.52149050584344
"RFX3_HUMAN.H10MO.B","RFX3_HUMAN.H10MO.B",133,1.22050065427366,1.02021859580281,1.46010066196671
"FEV_HUMAN.H10MO.C","FEV_HUMAN.H10MO.C",235,1.17283120748703,1.01914701293988,1.34969049979115
"NR1H2_HUMAN.H10MO.D","NR1H2_HUMAN.H10MO.D",159,1.20265860750809,1.01912365599255,1.4192465435459
"EHF_HUMAN.H10MO.S","EHF_HUMAN.H10MO.S",252,1.16709077980561,1.01806898778298,1.33792592118289
"DDIT3_HUMAN.H10MO.C","DDIT3_HUMAN.H10MO.C",133,1.21509472187079,1.0157027372222,1.45362922537369
"NF2L2_HUMAN.H10MO.D","NF2L2_HUMAN.H10MO.D",212,1.17443876717028,1.01441628071101,1.35970453556373
"NR1I2_HUMAN.H10MO.S","NR1I2_HUMAN.H10MO.S",152,1.19889689623391,1.01258430784629,1.41949046283017
"HNF4G_HUMAN.H10MO.C","HNF4G_HUMAN.H10MO.C",250,1.16117821853611,1.01247873860903,1.33171671047145
"TEAD1_HUMAN.H10MO.D","TEAD1_HUMAN.H10MO.D",209,1.17283118840214,1.01215104563886,1.35901948865799
"NR1I3_HUMAN.H10MO.C","NR1I3_HUMAN.H10MO.C",205,1.17301494328526,1.0111078715729,1.36084793309942
"RUNX2_HUMAN.H10MO.B","RUNX2_HUMAN.H10MO.B",234,1.15899436623291,1.00688553103419,1.33408207741345
"ERR3_HUMAN.H10MO.B","ERR3_HUMAN.H10MO.B",166,1.18438042261158,1.00674103908745,1.39336426250894
"TBX21_HUMAN.H10MO.D","TBX21_HUMAN.H10MO.D",161,1.18557728536521,1.00556416008842,1.39781582852987
"COT1_HUMAN.H10MO.B","COT1_HUMAN.H10MO.B",213,1.16364744690048,1.00538526584811,1.3468223840895
"TBX20_HUMAN.H10MO.D","TBX20_HUMAN.H10MO.D",224,1.15166874501535,0.998016487336061,1.32897694083747
"RHXF1_HUMAN.H10MO.D","RHXF1_HUMAN.H10MO.D",109,1.20758464844039,0.992465014836787,1.4693320785607
"THA_HUMAN.H10MO.S","THA_HUMAN.H10MO.S",239,1.13678811991723,0.988775096671068,1.3069577034613
"ELF3_HUMAN.H10MO.D","ELF3_HUMAN.H10MO.D",294,1.1231927792837,0.987479649122261,1.27755748744433
"HSF4_HUMAN.H10MO.D","HSF4_HUMAN.H10MO.D",150,1.17026593387325,0.987439125520622,1.38694358020518
"ERR2_HUMAN.H10MO.A","ERR2_HUMAN.H10MO.A",199,1.14634502954055,0.986298295148359,1.33236256537852
"TLX1_HUMAN.H10MO.D","TLX1_HUMAN.H10MO.D",184,1.15013604281987,0.984557843121076,1.34356038726987
"PPARG_HUMAN.H10MO.A","PPARG_HUMAN.H10MO.A",314,1.11156674330869,0.980253987796565,1.26046987843146
"HSF2_HUMAN.H10MO.A","HSF2_HUMAN.H10MO.A",150,1.15857559172649,0.977580816539978,1.37308075100663
"SPIB_HUMAN.H10MO.B","SPIB_HUMAN.H10MO.B",320,1.10716818696118,0.97720462730179,1.2544162808598
"IRF4_HUMAN.H10MO.C","IRF4_HUMAN.H10MO.C",608,1.08546547554838,0.977012270642739,1.20595752378049
"PKNX1_HUMAN.H10MO.D","PKNX1_HUMAN.H10MO.D",125,1.17448020702659,0.976800224180693,1.4121656839854
"MUSC_HUMAN.H10MO.D","MUSC_HUMAN.H10MO.D",112,1.18515815624927,0.976412347992716,1.43853143419551
"ATOH1_HUMAN.H10MO.D","ATOH1_HUMAN.H10MO.D",109,1.18679062698187,0.975387733868202,1.44401241002518
"PPARA_HUMAN.H10MO.C","PPARA_HUMAN.H10MO.C",268,1.11394063404274,0.974867891574058,1.27285322134058
"BHE23_HUMAN.H10MO.D","BHE23_HUMAN.H10MO.D",143,1.15897052569951,0.97436585700167,1.37855064377313
"GCR_HUMAN.H10MO.A","GCR_HUMAN.H10MO.A",214,1.12629844716676,0.973404297855146,1.30320792181158
"PRD14_HUMAN.H10MO.C","PRD14_HUMAN.H10MO.C",117,1.17539401411564,0.972084794791961,1.42122487237807
"TGIF1_HUMAN.H10MO.D","TGIF1_HUMAN.H10MO.D",224,1.12077139809515,0.971252367014352,1.29330807259653
"SMRC1_HUMAN.H10MO.D","SMRC1_HUMAN.H10MO.D",324,1.0946355366843,0.966676793913413,1.23953214323198
"NR4A1_HUMAN.H10MO.C","NR4A1_HUMAN.H10MO.C",255,1.10611805544201,0.965511759463028,1.2672006742365
"MEIS3_HUMAN.H10MO.D","MEIS3_HUMAN.H10MO.D",179,1.12944842612767,0.965078789740074,1.32181305904137
"SRF_HUMAN.H10MO.A","SRF_HUMAN.H10MO.A",269,1.1017155780142,0.964356762819264,1.2586391900138
"PPARD_HUMAN.H10MO.D","PPARD_HUMAN.H10MO.D",236,1.10583698825249,0.961184032382855,1.27225942523798
"TEAD4_HUMAN.H10MO.A","TEAD4_HUMAN.H10MO.A",203,1.11570410540651,0.961144450140842,1.29511817983087
"SCRT1_HUMAN.H10MO.D","SCRT1_HUMAN.H10MO.D",168,1.12890571666704,0.960419887061287,1.32694890463279
"PITX2_HUMAN.H10MO.D","PITX2_HUMAN.H10MO.D",169,1.12483049820006,0.957351962908595,1.32160762050039
"HXB1_HUMAN.H10MO.D","HXB1_HUMAN.H10MO.D",152,1.13343101376479,0.957322954745985,1.34193571416529
"MAF_HUMAN.H10MO.B","MAF_HUMAN.H10MO.B",192,1.11362287012252,0.955972001873137,1.29727219461445
"NFAT5_HUMAN.H10MO.D","NFAT5_HUMAN.H10MO.D",211,1.10688517146375,0.955818113294369,1.28182837902446
"NDF2_HUMAN.H10MO.D","NDF2_HUMAN.H10MO.D",76,1.20491390011154,0.955362734948534,1.51965055111787
"TAL1_HUMAN.H10MO.S","TAL1_HUMAN.H10MO.S",185,1.10969856813477,0.950298938387093,1.29583530232121
"MYBA_HUMAN.H10MO.D","MYBA_HUMAN.H10MO.D",35,1.33036362541802,0.949689224654111,1.863627942583
"TBX5_HUMAN.H10MO.D","TBX5_HUMAN.H10MO.D",237,1.09079562082581,0.94834035920342,1.25464984682523
"NFKB2_HUMAN.H10MO.D","NFKB2_HUMAN.H10MO.D",170,1.11355600279952,0.948150757659724,1.30781625322064
"MAFG_HUMAN.H10MO.S","MAFG_HUMAN.H10MO.S",81,1.18687198983941,0.947549375551472,1.48664033412035
"GMEB2_HUMAN.H10MO.D","GMEB2_HUMAN.H10MO.D",29,1.36922371118556,0.946181776554128,1.98140951107771
"COT2_HUMAN.H10MO.S","COT2_HUMAN.H10MO.S",269,1.07717177409528,0.942880180376443,1.23059011638609
"ESR2_HUMAN.H10MO.S","ESR2_HUMAN.H10MO.S",125,1.12843993574836,0.938533455021124,1.35677282656173
"THB_HUMAN.H10MO.S","THB_HUMAN.H10MO.S",230,1.07901341452051,0.936508483299936,1.24320277870065
"SOX4_HUMAN.H10MO.C","SOX4_HUMAN.H10MO.C",226,1.07740450728154,0.934168191731095,1.24260329412364
"ZBT18_HUMAN.H10MO.D","ZBT18_HUMAN.H10MO.D",201,1.08417525689064,0.933417946688976,1.25928153816133
"HLTF_HUMAN.H10MO.D","HLTF_HUMAN.H10MO.D",242,1.07125832781629,0.932443894670391,1.23073829050211
"ATF2_HUMAN.H10MO.B","ATF2_HUMAN.H10MO.B",95,1.14469461920269,0.928799570990304,1.41077344580865
"CRX_HUMAN.H10MO.C","CRX_HUMAN.H10MO.C",71,1.17511381110009,0.924710200511303,1.49332457701302
"CREB5_HUMAN.H10MO.D","CREB5_HUMAN.H10MO.D",66,1.18485791575859,0.92451914994547,1.51850643723128
"NKX28_HUMAN.H10MO.C","NKX28_HUMAN.H10MO.C",124,1.10972571915101,0.922359559262972,1.33515304240926
"ZN784_HUMAN.H10MO.D","ZN784_HUMAN.H10MO.D",125,1.10688509671039,0.920617278432717,1.33084034595285
"ATF1_HUMAN.H10MO.B","ATF1_HUMAN.H10MO.B",89,1.14116099132562,0.919984342161329,1.41551149127591
"NFIA_HUMAN.H10MO.S","NFIA_HUMAN.H10MO.S",140,1.09327293678514,0.917653220514339,1.30250260946818
"NKX25_HUMAN.H10MO.C","NKX25_HUMAN.H10MO.C",101,1.12217471958841,0.915879328685103,1.37493669945716
"RARA_HUMAN.H10MO.C","RARA_HUMAN.H10MO.C",209,1.06110513014848,0.915771334522103,1.22950353956537
"EHF_HUMAN.H10MO.C","EHF_HUMAN.H10MO.C",515,1.02027041659228,0.915459366060818,1.13708129663094
"THA_HUMAN.H10MO.C","THA_HUMAN.H10MO.C",259,1.04195356851346,0.910271963596647,1.1926844749214
"SCRT2_HUMAN.H10MO.D","SCRT2_HUMAN.H10MO.D",152,1.07703814608339,0.909717467636716,1.27513344459818
"MYB_HUMAN.H10MO.C","MYB_HUMAN.H10MO.C",92,1.12455249601501,0.909606131010626,1.39029220800053
"HAND1_HUMAN.H10MO.D","HAND1_HUMAN.H10MO.D",192,1.05810736668694,0.908336483404161,1.23257319274604
"PEBB_HUMAN.H10MO.C","PEBB_HUMAN.H10MO.C",225,1.04639969079625,0.907062117424826,1.20714148663499
"COT2_HUMAN.H10MO.A","COT2_HUMAN.H10MO.A",289,1.03007774308732,0.904893460938994,1.17258020154418
"STAT3_HUMAN.H10MO.A","STAT3_HUMAN.H10MO.A",251,1.03390851074846,0.901739173826641,1.18545011642537
"SMAD2_HUMAN.H10MO.C","SMAD2_HUMAN.H10MO.C",260,1.02961457582768,0.899678014852336,1.17831730603178
"JDP2_HUMAN.H10MO.D","JDP2_HUMAN.H10MO.D",71,1.138370649051,0.895822865308872,1.44658925866331
"NKX23_HUMAN.H10MO.D","NKX23_HUMAN.H10MO.D",128,1.07158865499338,0.893028920746324,1.28585112848402
"BCL6B_HUMAN.H10MO.D","BCL6B_HUMAN.H10MO.D",111,1.08470664158237,0.892996189356016,1.31757392956111
"HSF1_HUMAN.H10MO.A","HSF1_HUMAN.H10MO.A",208,1.03458946598082,0.892634776068432,1.19911904825499
"RFX1_HUMAN.H10MO.C","RFX1_HUMAN.H10MO.C",141,1.06282427238429,0.892604572198321,1.26550487097239
"STF1_HUMAN.H10MO.B","STF1_HUMAN.H10MO.B",191,1.03832423523894,0.891060344581295,1.2099261560014
"NR2C2_HUMAN.H10MO.A","NR2C2_HUMAN.H10MO.A",287,1.01178336036851,0.888527736992672,1.15213687282677
"STAT1_HUMAN.H10MO.A","STAT1_HUMAN.H10MO.A",232,1.0156889619883,0.882002791282445,1.16963809831586
"CEBPZ_HUMAN.H10MO.D","CEBPZ_HUMAN.H10MO.D",129,1.05536584682615,0.880078617618859,1.26556542603043
"TLX1_HUMAN.H10MO.S","TLX1_HUMAN.H10MO.S",122,1.05197876964049,0.873196845004367,1.26736524313574
"NFIA_HUMAN.H10MO.C","NFIA_HUMAN.H10MO.C",231,1.00539624387485,0.872853150403033,1.15806605811175
"ESR1_HUMAN.H10MO.A","ESR1_HUMAN.H10MO.A",206,1.01095566049228,0.871734314373594,1.17241151418456
"E2F8_HUMAN.H10MO.D","E2F8_HUMAN.H10MO.D",143,1.03593858966903,0.870985942732079,1.23213097814091
"SMAD1_HUMAN.H10MO.D","SMAD1_HUMAN.H10MO.D",364,0.978346736406728,0.868203558169415,1.10246304294796
"PTF1A_HUMAN.H10MO.C","PTF1A_HUMAN.H10MO.C",282,0.989175166834156,0.867932112034124,1.12735488999042
"RARB_HUMAN.H10MO.D","RARB_HUMAN.H10MO.D",251,0.993858017079864,0.866819929889668,1.13951436054273
"NFYB_HUMAN.H10MO.A","NFYB_HUMAN.H10MO.A",102,1.06013355103408,0.866076291699517,1.29767222218115
"NKX32_HUMAN.H10MO.C","NKX32_HUMAN.H10MO.C",144,1.02544738016467,0.862632167896328,1.21899271627087
"TFE3_HUMAN.H10MO.C","TFE3_HUMAN.H10MO.C",151,1.01978729953193,0.860961447607193,1.20791254843865
"ZSCA4_HUMAN.H10MO.D","ZSCA4_HUMAN.H10MO.D",201,0.992664587782712,0.854663251135067,1.15294881642465
"NR5A2_HUMAN.H10MO.C","NR5A2_HUMAN.H10MO.C",219,0.985143965642233,0.852630108130053,1.13825282943594
"PAX2_HUMAN.H10MO.D","PAX2_HUMAN.H10MO.D",78,1.06822104571197,0.849464793935663,1.34331194258816
"ETV7_HUMAN.H10MO.D","ETV7_HUMAN.H10MO.D",203,0.984386848510863,0.848062780851878,1.14262468463452
"TYY1_HUMAN.H10MO.A","TYY1_HUMAN.H10MO.A",173,0.992966608308211,0.846543128695057,1.16471642352706
"CUX1_HUMAN.H10MO.C","CUX1_HUMAN.H10MO.C",45,1.13606734851785,0.843189124964108,1.53067560071214
"ZKSC1_HUMAN.H10MO.C","ZKSC1_HUMAN.H10MO.C",219,0.972735791658812,0.841894850958289,1.12391104340057
"ETS1_HUMAN.H10MO.C","ETS1_HUMAN.H10MO.C",223,0.970769637181246,0.841088332938307,1.12044556031445
"SMAD3_HUMAN.H10MO.C","SMAD3_HUMAN.H10MO.C",237,0.966375094171463,0.840205087338164,1.11149151166593
"ATF3_HUMAN.H10MO.A","ATF3_HUMAN.H10MO.A",103,1.0274203667481,0.840131284274406,1.25646149568216
"GSC2_HUMAN.H10MO.D","GSC2_HUMAN.H10MO.D",147,0.988954714328748,0.833258839205484,1.17374263671252
"GCM1_HUMAN.H10MO.D","GCM1_HUMAN.H10MO.D",136,0.993133637375087,0.831744283030836,1.18583853452144
"NR1H4_HUMAN.H10MO.C","NR1H4_HUMAN.H10MO.C",149,0.985879576747345,0.831517387909814,1.16889743254887
"SPDEF_HUMAN.H10MO.D","SPDEF_HUMAN.H10MO.D",129,0.995310878994423,0.830025718744407,1.193509699125
"SRBP1_HUMAN.H10MO.B","SRBP1_HUMAN.H10MO.B",240,0.952906868617354,0.829080726989226,1.09522688285809
"MAFB_HUMAN.H10MO.D","MAFB_HUMAN.H10MO.D",164,0.975057668718555,0.828182873852905,1.14798009877191
"FIGLA_HUMAN.H10MO.D","FIGLA_HUMAN.H10MO.D",238,0.951037862023679,0.827069480137838,1.09358770541482
"THB_HUMAN.H10MO.C","THB_HUMAN.H10MO.C",252,0.94440928718039,0.823881175364534,1.08256982727872
"NRL_HUMAN.H10MO.D","NRL_HUMAN.H10MO.D",166,0.963734160428505,0.819271963694749,1.13366937126496
"ETV4_HUMAN.H10MO.B","ETV4_HUMAN.H10MO.B",249,0.936885075598097,0.816792085823262,1.07463534492226
"CREM_HUMAN.H10MO.C","CREM_HUMAN.H10MO.C",103,0.99109404098195,0.810445665279528,1.21200894785604
"NKX21_HUMAN.H10MO.D","NKX21_HUMAN.H10MO.D",161,0.952270177231846,0.807770473551342,1.1226190113862
"SMAD4_HUMAN.H10MO.C","SMAD4_HUMAN.H10MO.C",243,0.925529984973044,0.80582215033916,1.06302085729918
"ETV5_HUMAN.H10MO.D","ETV5_HUMAN.H10MO.D",180,0.938647139690119,0.802412185526349,1.09801230432524
"SUH_HUMAN.H10MO.C","SUH_HUMAN.H10MO.C",239,0.9184450349226,0.798920886498255,1.05585083132736
"RFX4_HUMAN.H10MO.D","RFX4_HUMAN.H10MO.D",104,0.971992012350298,0.795546069658476,1.18757229544024
"PAX2_HUMAN.H10MO.S","PAX2_HUMAN.H10MO.S",55,1.04185739020224,0.794883050945216,1.36556795396288
"TFE2_HUMAN.H10MO.C","TFE2_HUMAN.H10MO.C",206,0.918422262849959,0.791972458113449,1.06506159937396
"P53_HUMAN.H10MO.B","P53_HUMAN.H10MO.B",142,0.942356426455366,0.791913751774486,1.12137923162953
"NFYA_HUMAN.H10MO.A","NFYA_HUMAN.H10MO.A",90,0.976898138345142,0.788531097528311,1.21026295055908
"ZEB1_HUMAN.H10MO.B","ZEB1_HUMAN.H10MO.B",272,0.892575456640305,0.78178282693403,1.01906938647026
"NR2C1_HUMAN.H10MO.C","NR2C1_HUMAN.H10MO.C",200,0.905951695806624,0.779788369080509,1.05252720825099
"HIC2_HUMAN.H10MO.D","HIC2_HUMAN.H10MO.D",192,0.89845074325392,0.771329394775342,1.04652272235603
"ZBED1_HUMAN.H10MO.D","ZBED1_HUMAN.H10MO.D",24,1.15496297352996,0.770170780149981,1.73200477686961
"GLI3_HUMAN.H10MO.B","GLI3_HUMAN.H10MO.B",183,0.899738340445727,0.770012561227802,1.05131931870984
"IKZF1_HUMAN.H10MO.C","IKZF1_HUMAN.H10MO.C",357,0.86808366287577,0.769778933297957,0.978942412106946
"IRX2_HUMAN.H10MO.D","IRX2_HUMAN.H10MO.D",180,0.896752967306219,0.766612408407044,1.04898626157578
"NFIC_HUMAN.H10MO.A","NFIC_HUMAN.H10MO.A",280,0.870765495335185,0.763793496875498,0.992719303015912
"NFYC_HUMAN.H10MO.B","NFYC_HUMAN.H10MO.B",118,0.918761871698806,0.760514929042587,1.10993662931793
"RARG_HUMAN.H10MO.C","RARG_HUMAN.H10MO.C",236,0.871468271395922,0.757534306745647,1.00253802538978
"REL_HUMAN.H10MO.C","REL_HUMAN.H10MO.C",167,0.889517826959952,0.756526023180228,1.04588862806515
"AP2A_HUMAN.H10MO.C","AP2A_HUMAN.H10MO.C",332,0.853473692654241,0.754549584207671,0.965367100185676
"GLI2_HUMAN.H10MO.B","GLI2_HUMAN.H10MO.B",183,0.877091071543132,0.75063785870646,1.02484672050296
"TFEB_HUMAN.H10MO.C","TFEB_HUMAN.H10MO.C",56,0.977449589391979,0.747526185543505,1.27809261839824
"ITF2_HUMAN.H10MO.B","ITF2_HUMAN.H10MO.B",254,0.845905360890739,0.738283998824425,0.969214937236993
"RARA_HUMAN.H10MO.S","RARA_HUMAN.H10MO.S",131,0.883647891453161,0.737874521065973,1.05822002762961
"RARG_HUMAN.H10MO.S","RARG_HUMAN.H10MO.S",131,0.883647891453161,0.737874521065973,1.05822002762961
"VDR_HUMAN.H10MO.S","VDR_HUMAN.H10MO.S",131,0.883647891453161,0.737874521065973,1.05822002762961
"FOXK1_HUMAN.H10MO.D","FOXK1_HUMAN.H10MO.D",140,0.876879158956939,0.736103121504032,1.04457790892389
"ID4_HUMAN.H10MO.D","ID4_HUMAN.H10MO.D",242,0.845193862578622,0.735729235229529,0.970945058500646
"P63_HUMAN.H10MO.S","P63_HUMAN.H10MO.S",138,0.871954855656835,0.731146993132178,1.03988018475798
"PKNX2_HUMAN.H10MO.D","PKNX2_HUMAN.H10MO.D",269,0.828699887459648,0.725440398598754,0.946657375026444
"P63_HUMAN.H10MO.A","P63_HUMAN.H10MO.A",133,0.867423996856512,0.725219357413967,1.03751283336613
"ZEP1_HUMAN.H10MO.D","ZEP1_HUMAN.H10MO.D",176,0.842797850411331,0.719411543445172,0.987346148570794
"SPIC_HUMAN.H10MO.D","SPIC_HUMAN.H10MO.D",458,0.801678403899534,0.717101558026327,0.896230465664821
"BACH1_HUMAN.H10MO.A","BACH1_HUMAN.H10MO.A",228,0.823038773246836,0.714047302318688,0.948666594030948
"KLF3_HUMAN.H10MO.D","KLF3_HUMAN.H10MO.D",227,0.822632033806144,0.713513855968572,0.94843773163368
"ZN143_HUMAN.H10MO.A","ZN143_HUMAN.H10MO.A",225,0.822319149133301,0.712877440590744,0.948562466040388
"HIC1_HUMAN.H10MO.C","HIC1_HUMAN.H10MO.C",158,0.837053274086476,0.709111676356703,0.988078756873323
"YBOX1_HUMAN.H10MO.D","YBOX1_HUMAN.H10MO.D",114,0.85673324975912,0.707075650957953,1.03806694552189
"ESR1_HUMAN.H10MO.S","ESR1_HUMAN.H10MO.S",212,0.817720972962047,0.706398725950407,0.946586630266573
"ETV6_HUMAN.H10MO.D","ETV6_HUMAN.H10MO.D",91,0.85734648389968,0.692850613268353,1.06089679272673
"AHR_HUMAN.H10MO.B","AHR_HUMAN.H10MO.B",52,0.912918593667374,0.691464662005892,1.20529710982759
"RELB_HUMAN.H10MO.C","RELB_HUMAN.H10MO.C",165,0.810318968495775,0.688608176133266,0.953542019194647
"PAX8_HUMAN.H10MO.D","PAX8_HUMAN.H10MO.D",80,0.862290268335386,0.687675123837388,1.08124386224233
"KAISO_HUMAN.H10MO.S","KAISO_HUMAN.H10MO.S",118,0.826008844514466,0.683774576682349,0.997829744601758
"USF1_HUMAN.H10MO.A","USF1_HUMAN.H10MO.A",116,0.826556916046634,0.683218478192747,0.999967590560076
"HESX1_HUMAN.H10MO.D","HESX1_HUMAN.H10MO.D",104,0.83015149029259,0.679514853028336,1.01418165293036
"MZF1_HUMAN.H10MO.D","MZF1_HUMAN.H10MO.D",284,0.772872510384492,0.678419119166553,0.880476243125132
"KLF8_HUMAN.H10MO.C","KLF8_HUMAN.H10MO.C",226,0.778141194587873,0.674762996352491,0.897357623325171
"RFX5_HUMAN.H10MO.A","RFX5_HUMAN.H10MO.A",232,0.776643378411465,0.674476928624454,0.894285499817622
"COE1_HUMAN.H10MO.A","COE1_HUMAN.H10MO.A",266,0.767821366689781,0.671773355591021,0.877602015975584
"TF65_HUMAN.H10MO.A","TF65_HUMAN.H10MO.A",180,0.785674241755927,0.671686005071262,0.919006811960093
"MLX_HUMAN.H10MO.D","MLX_HUMAN.H10MO.D",76,0.839032451570444,0.665446072683154,1.05790008189514
"MYOG_HUMAN.H10MO.D","MYOG_HUMAN.H10MO.D",295,0.755884667783997,0.664727524743864,0.859542609148137
"RREB1_HUMAN.H10MO.D","RREB1_HUMAN.H10MO.D",372,0.744991051698833,0.661708857128098,0.838755082590485
"GLI1_HUMAN.H10MO.C","GLI1_HUMAN.H10MO.C",200,0.764922055383249,0.658435266771507,0.888630637421156
"MNT_HUMAN.H10MO.D","MNT_HUMAN.H10MO.D",516,0.73066972392348,0.655656766651038,0.814264829729975
"VDR_HUMAN.H10MO.B","VDR_HUMAN.H10MO.B",282,0.747096339991098,0.655570277878039,0.851400620288543
"ELK3_HUMAN.H10MO.D","ELK3_HUMAN.H10MO.D",191,0.763762551634531,0.65551346075226,0.88988750072327
"ETS2_HUMAN.H10MO.C","ETS2_HUMAN.H10MO.C",248,0.746359414056046,0.650587107855786,0.856230269895795
"SNAI1_HUMAN.H10MO.C","SNAI1_HUMAN.H10MO.C",260,0.742876578947527,0.649184288564921,0.850090831324227
"PAX5_HUMAN.H10MO.S","PAX5_HUMAN.H10MO.S",310,0.734738491873725,0.647627686994936,0.833566356537034
"ZKSC3_HUMAN.H10MO.D","ZKSC3_HUMAN.H10MO.D",72,0.821164257083945,0.64738807293448,1.04158659280779
"PRDM4_HUMAN.H10MO.D","PRDM4_HUMAN.H10MO.D",147,0.766903058717095,0.646237786583058,0.910098904273907
"MYOD1_HUMAN.H10MO.C","MYOD1_HUMAN.H10MO.C",281,0.733228820661338,0.643291478548602,0.83574012928231
"ESR2_HUMAN.H10MO.A","ESR2_HUMAN.H10MO.A",233,0.740459073066353,0.643217486189766,0.852401638105538
"MESP1_HUMAN.H10MO.D","MESP1_HUMAN.H10MO.D",258,0.73309709135766,0.640380379377751,0.83923768226515
"ZBTB6_HUMAN.H10MO.D","ZBTB6_HUMAN.H10MO.D",142,0.759319329173782,0.638157608753307,0.903485025875176
"EGR3_HUMAN.H10MO.D","EGR3_HUMAN.H10MO.D",173,0.746981532802569,0.636900794949494,0.876088418750244
"ZN589_HUMAN.H10MO.D","ZN589_HUMAN.H10MO.D",88,0.784337434926525,0.631757114238233,0.973768554342132
"ATF6A_HUMAN.H10MO.B","ATF6A_HUMAN.H10MO.B",118,0.760746848535572,0.629774244684617,0.918957503329829
"CR3L1_HUMAN.H10MO.D","CR3L1_HUMAN.H10MO.D",196,0.731490342704554,0.628863518091936,0.850865261024413
"MTF1_HUMAN.H10MO.C","MTF1_HUMAN.H10MO.C",109,0.764460904729244,0.628450578591597,0.929906813307641
"CREB1_HUMAN.H10MO.A","CREB1_HUMAN.H10MO.A",56,0.818636976632371,0.626161648707252,1.0702771415231
"TWST1_HUMAN.H10MO.D","TWST1_HUMAN.H10MO.D",243,0.718575937781666,0.625678333360754,0.825266516079091
"ZIC2_HUMAN.H10MO.C","ZIC2_HUMAN.H10MO.C",203,0.722472319017527,0.622483470306862,0.838522268694545
"ELK1_HUMAN.H10MO.A","ELK1_HUMAN.H10MO.A",85,0.772739086412335,0.620221971460651,0.962761274424238
"MAFA_HUMAN.H10MO.D","MAFA_HUMAN.H10MO.D",244,0.710379746835443,0.618682865754474,0.815667303309892
"P73_HUMAN.H10MO.A","P73_HUMAN.H10MO.A",139,0.736826237796672,0.618233252868566,0.878168397100146
"NDF1_HUMAN.H10MO.C","NDF1_HUMAN.H10MO.C",250,0.707226071815339,0.616750609760701,0.81097401241228
"EPAS1_HUMAN.H10MO.D","EPAS1_HUMAN.H10MO.D",190,0.718736390171211,0.616670782952613,0.837694946536876
"AP2C_HUMAN.H10MO.A","AP2C_HUMAN.H10MO.A",333,0.693863020003133,0.613540244449304,0.784701402855816
"ZBTB4_HUMAN.H10MO.S","ZBTB4_HUMAN.H10MO.S",100,0.745093870821754,0.607698629694015,0.91355295077048
"FLI1_HUMAN.H10MO.A","FLI1_HUMAN.H10MO.A",222,0.70015703139637,0.606525426069829,0.808242898884406
"ZN740_HUMAN.H10MO.D","ZN740_HUMAN.H10MO.D",283,0.68441374063152,0.600681690151664,0.779817623951481
"MLXPL_HUMAN.H10MO.D","MLXPL_HUMAN.H10MO.D",147,0.711908671879702,0.599912705373634,0.844812841198072
"SPZ1_HUMAN.H10MO.D","SPZ1_HUMAN.H10MO.D",94,0.737923843473998,0.598295252505156,0.910138592087097
"CR3L2_HUMAN.H10MO.D","CR3L2_HUMAN.H10MO.D",72,0.755107879162036,0.59534175180543,0.957748902111164
"ELK4_HUMAN.H10MO.A","ELK4_HUMAN.H10MO.A",88,0.736280664607878,0.593068987569348,0.914074464249454
"TFCP2_HUMAN.H10MO.D","TFCP2_HUMAN.H10MO.D",211,0.685241412418479,0.591814562899153,0.793417098411763
"CREB3_HUMAN.H10MO.D","CREB3_HUMAN.H10MO.D",71,0.747439601866389,0.588369294109428,0.94951582965219
"BMAL1_HUMAN.H10MO.C","BMAL1_HUMAN.H10MO.C",103,0.717282739242644,0.586644537553734,0.877012390093731
"ZIC3_HUMAN.H10MO.C","ZIC3_HUMAN.H10MO.C",153,0.692631732914031,0.585424047739345,0.819472174557976
"MAX_HUMAN.H10MO.A","MAX_HUMAN.H10MO.A",100,0.71776428974155,0.585418962582751,0.880028848664718
"BHE41_HUMAN.H10MO.D","BHE41_HUMAN.H10MO.D",188,0.680601482470244,0.583558839079541,0.793781786719807
"E4F1_HUMAN.H10MO.D","E4F1_HUMAN.H10MO.D",29,0.836779313323256,0.578647296359159,1.210062889106
"GABP1_HUMAN.H10MO.C","GABP1_HUMAN.H10MO.C",131,0.688815165626395,0.575243602816879,0.824809402614004
"ZEP2_HUMAN.H10MO.D","ZEP2_HUMAN.H10MO.D",117,0.695319005520039,0.575210774778209,0.840506716209884
"ELF1_HUMAN.H10MO.A","ELF1_HUMAN.H10MO.A",189,0.670462304422595,0.5750662932521,0.781683271870352
"ERR1_HUMAN.H10MO.D","ERR1_HUMAN.H10MO.D",288,0.651237838689633,0.572057570476684,0.741377694185119
"HTF4_HUMAN.H10MO.B","HTF4_HUMAN.H10MO.B",296,0.649659843743132,0.571420369286316,0.738611948852098
"SRBP2_HUMAN.H10MO.B","SRBP2_HUMAN.H10MO.B",312,0.647391902767191,0.570815570610529,0.734241140829863
"ERG_HUMAN.H10MO.B","ERG_HUMAN.H10MO.B",63,0.730198489796543,0.566819259201004,0.940669932868448
"ZN423_HUMAN.H10MO.D","ZN423_HUMAN.H10MO.D",139,0.674728194719614,0.566148152588851,0.80413251313779
"ZIC1_HUMAN.H10MO.B","ZIC1_HUMAN.H10MO.B",273,0.645327001746273,0.565369998687251,0.736591860462696
"KLF1_HUMAN.H10MO.C","KLF1_HUMAN.H10MO.C",305,0.636435390100273,0.560574615976087,0.722562160733595
"PAX1_HUMAN.H10MO.D","PAX1_HUMAN.H10MO.D",49,0.745644024441761,0.560321843266766,0.992260105271329
"ZBTB4_HUMAN.H10MO.D","ZBTB4_HUMAN.H10MO.D",166,0.655834926821979,0.55760474660495,0.771369780939689
"USF2_HUMAN.H10MO.A","USF2_HUMAN.H10MO.A",112,0.674686834596164,0.556023171006592,0.818675099372783
"REST_HUMAN.H10MO.A","REST_HUMAN.H10MO.A",230,0.634246556633077,0.550567315586194,0.730643979787677
"CXXC1_HUMAN.H10MO.D","CXXC1_HUMAN.H10MO.D",30,0.785251968495101,0.546357605160566,1.12860267378216
"KLF12_HUMAN.H10MO.D","KLF12_HUMAN.H10MO.D",161,0.640188378651897,0.543123851385467,0.754599819388289
"ZBT7B_HUMAN.H10MO.D","ZBT7B_HUMAN.H10MO.D",126,0.651854709790062,0.542656733358479,0.78302642638507
"TFAP4_HUMAN.H10MO.C","TFAP4_HUMAN.H10MO.C",231,0.624880116597757,0.542572534403317,0.719673657179575
"MYF6_HUMAN.H10MO.C","MYF6_HUMAN.H10MO.C",176,0.634297687850919,0.541484988558938,0.74301885613442
"P73_HUMAN.H10MO.S","P73_HUMAN.H10MO.S",155,0.636116527900351,0.538185590310008,0.751867467939662
"PLAG1_HUMAN.H10MO.S","PLAG1_HUMAN.H10MO.S",188,0.614396619079403,0.526807880171557,0.716548137839685
"E2F4_HUMAN.H10MO.A","E2F4_HUMAN.H10MO.A",96,0.646049482412731,0.524906917304683,0.795150378030719
"NFKB1_HUMAN.H10MO.B","NFKB1_HUMAN.H10MO.B",158,0.615078245770152,0.521119537042367,0.725977864055653
"ZN219_HUMAN.H10MO.D","ZN219_HUMAN.H10MO.D",265,0.594652496871929,0.520191691295022,0.679771703303643
"ARNT2_HUMAN.H10MO.D","ARNT2_HUMAN.H10MO.D",186,0.60698219890542,0.520088067042888,0.708394237696818
"TYY2_HUMAN.H10MO.D","TYY2_HUMAN.H10MO.D",56,0.656532199872833,0.502244836364915,0.858215950191841
"MYC_HUMAN.H10MO.A","MYC_HUMAN.H10MO.A",93,0.619686943262236,0.501946015831221,0.765046231144541
"NR0B1_HUMAN.H10MO.D","NR0B1_HUMAN.H10MO.D",166,0.588364449236581,0.50025506632863,0.691992442307533
"E2F7_HUMAN.H10MO.D","E2F7_HUMAN.H10MO.D",44,0.675582837519969,0.500026232209509,0.912776452416796
"BHE40_HUMAN.H10MO.A","BHE40_HUMAN.H10MO.A",62,0.640299783206471,0.496109879926681,0.826397193369429
"HES7_HUMAN.H10MO.D","HES7_HUMAN.H10MO.D",71,0.624987348884478,0.49202533987938,0.793880222432052
"GLIS3_HUMAN.H10MO.D","GLIS3_HUMAN.H10MO.D",155,0.581535672824178,0.492020226841733,0.687337065262262
"KLF4_HUMAN.H10MO.A","KLF4_HUMAN.H10MO.A",324,0.55255594731466,0.488026664505078,0.625617608870682
"ZN350_HUMAN.H10MO.C","ZN350_HUMAN.H10MO.C",173,0.571720418634206,0.487504718501751,0.670484253132613
"ASCL2_HUMAN.H10MO.D","ASCL2_HUMAN.H10MO.D",337,0.547447743497519,0.48433415094503,0.618785669512989
"GABPA_HUMAN.H10MO.A","GABPA_HUMAN.H10MO.A",129,0.580531026236583,0.484235636446338,0.695975775134112
"TBX1_HUMAN.H10MO.D","TBX1_HUMAN.H10MO.D",451,0.540478406336625,0.483249081949105,0.604485178819116
"ZN148_HUMAN.H10MO.D","ZN148_HUMAN.H10MO.D",461,0.539638668041273,0.482810486371471,0.603155689997387
"INSM1_HUMAN.H10MO.C","INSM1_HUMAN.H10MO.C",177,0.565075110352057,0.482590854115569,0.661657546172482
"ELF2_HUMAN.H10MO.C","ELF2_HUMAN.H10MO.C",278,0.547701457144436,0.48028923973895,0.624575487723157
"GLIS2_HUMAN.H10MO.D","GLIS2_HUMAN.H10MO.D",122,0.5758104433781,0.478081856421903,0.693516522849776
"MYCN_HUMAN.H10MO.B","MYCN_HUMAN.H10MO.B",72,0.602326994811174,0.474943623467327,0.76387552280343
"RFX2_HUMAN.H10MO.C","RFX2_HUMAN.H10MO.C",138,0.56110489021982,0.470570776943988,0.669057054229425
"EGR1_HUMAN.H10MO.A","EGR1_HUMAN.H10MO.A",478,0.517194216360346,0.463201335676482,0.577480755848722
"ARNT_HUMAN.H10MO.B","ARNT_HUMAN.H10MO.B",49,0.616312362347984,0.46319324779507,0.820048499823998
"KLF15_HUMAN.H10MO.D","KLF15_HUMAN.H10MO.D",407,0.516913636543518,0.460650756245215,0.580048342528731
"TFDP1_HUMAN.H10MO.S","TFDP1_HUMAN.H10MO.S",59,0.582859388056645,0.448872860783582,0.756840290261079
"SP1_HUMAN.H10MO.S","SP1_HUMAN.H10MO.S",382,0.504766838951234,0.448805340450437,0.567706171787318
"TBX15_HUMAN.H10MO.D","TBX15_HUMAN.H10MO.D",490,0.49797839470236,0.446286149987249,0.555658027024645
"PROX1_HUMAN.H10MO.D","PROX1_HUMAN.H10MO.D",286,0.506607935900378,0.444878017899871,0.576903309201054
"GLIS1_HUMAN.H10MO.D","GLIS1_HUMAN.H10MO.D",93,0.548461746785712,0.444274961889717,0.677081342616613
"ZBT7A_HUMAN.H10MO.D","ZBT7A_HUMAN.H10MO.D",194,0.515510983837407,0.442933641917689,0.599980559856405
"PURA_HUMAN.H10MO.D","PURA_HUMAN.H10MO.D",406,0.496359010724732,0.442296521775961,0.557029629214292
"PAX5_HUMAN.H10MO.A","PAX5_HUMAN.H10MO.A",132,0.527315368158405,0.440680348536837,0.630982294579878
"HEY2_HUMAN.H10MO.D","HEY2_HUMAN.H10MO.D",152,0.518664023074265,0.438207195639774,0.61389308872217
"CTCFL_HUMAN.H10MO.A","CTCFL_HUMAN.H10MO.A",194,0.509039136779919,0.437374025993487,0.592446801533439
"CLOCK_HUMAN.H10MO.D","CLOCK_HUMAN.H10MO.D",270,0.496000380812165,0.434319435322531,0.5664410978595
"HEY1_HUMAN.H10MO.D","HEY1_HUMAN.H10MO.D",69,0.548578298470784,0.430491740265755,0.69905673304515
"E2F1_HUMAN.H10MO.A","E2F1_HUMAN.H10MO.A",113,0.518498298120081,0.427679909417259,0.628602090567529
"ETV1_HUMAN.H10MO.B","ETV1_HUMAN.H10MO.B",247,0.476328877486038,0.415149935657673,0.546523508832239
"XBP1_HUMAN.H10MO.C","XBP1_HUMAN.H10MO.C",42,0.557694544799706,0.410003010867536,0.75858761290862
"PLAG1_HUMAN.H10MO.D","PLAG1_HUMAN.H10MO.D",294,0.466175308959998,0.409918854338799,0.530152288394947
"KLF16_HUMAN.H10MO.D","KLF16_HUMAN.H10MO.D",422,0.45869985762053,0.409274050468654,0.51409455141405
"E2F6_HUMAN.H10MO.C","E2F6_HUMAN.H10MO.C",243,0.467828607393628,0.407379240757891,0.537247812354616
"HINFP_HUMAN.H10MO.C","HINFP_HUMAN.H10MO.C",27,0.590874499705428,0.403399307208146,0.86547663360759
"ZN524_HUMAN.H10MO.D","ZN524_HUMAN.H10MO.D",91,0.493282133223373,0.398737268638166,0.610244594864317
"HEN1_HUMAN.H10MO.C","HEN1_HUMAN.H10MO.C",210,0.46030587060479,0.397464658415647,0.533082602508169
"HES5_HUMAN.H10MO.D","HES5_HUMAN.H10MO.D",69,0.502836720345509,0.394611029510962,0.640744298610143
"CTCF_HUMAN.H10MO.A","CTCF_HUMAN.H10MO.A",165,0.447845388495866,0.380640561337136,0.526915710959586
"KLF14_HUMAN.H10MO.D","KLF14_HUMAN.H10MO.D",166,0.446110926570874,0.379328137174098,0.524651190624921
"EGR4_HUMAN.H10MO.D","EGR4_HUMAN.H10MO.D",272,0.432538426520728,0.378896818534709,0.493774244768142
"SP1_HUMAN.H10MO.C","SP1_HUMAN.H10MO.C",421,0.420597125069235,0.375247882405374,0.471426888494473
"TF7L1_HUMAN.H10MO.D","TF7L1_HUMAN.H10MO.D",57,0.478294383573452,0.366781538549261,0.623710556051294
"ZIC4_HUMAN.H10MO.D","ZIC4_HUMAN.H10MO.D",126,0.439885566132821,0.366238877442915,0.528341809703567
"AP2B_HUMAN.H10MO.B","AP2B_HUMAN.H10MO.B",195,0.420359001775217,0.36130900396486,0.489059747845759
"EGR2_HUMAN.H10MO.C","EGR2_HUMAN.H10MO.C",197,0.416565872163792,0.358280962051024,0.484332532932264
"SP3_HUMAN.H10MO.B","SP3_HUMAN.H10MO.B",406,0.401754369601612,0.357997598260424,0.450859375253612
"HES1_HUMAN.H10MO.D","HES1_HUMAN.H10MO.D",89,0.434554388116077,0.350502294335367,0.53876256812817
"MAZ_HUMAN.H10MO.A","MAZ_HUMAN.H10MO.A",440,0.389602048505143,0.348086296593204,0.43606932443191
"ZFX_HUMAN.H10MO.C","ZFX_HUMAN.H10MO.C",252,0.388338039416219,0.33883380859712,0.445074927682158
"WT1_HUMAN.H10MO.D","WT1_HUMAN.H10MO.D",256,0.381877379527837,0.333476188064339,0.437303586326565
"ZN639_HUMAN.H10MO.D","ZN639_HUMAN.H10MO.D",146,0.379005689219091,0.319267841780301,0.449921018225461
"MECP2_HUMAN.H10MO.C","MECP2_HUMAN.H10MO.C",62,0.409941101140794,0.317688842618997,0.528982085172158
"THAP1_HUMAN.H10MO.D","THAP1_HUMAN.H10MO.D",216,0.363437955745913,0.314362420323517,0.4201747382554
"KAISO_HUMAN.H10MO.A","KAISO_HUMAN.H10MO.A",62,0.4021841039991,0.311679532220126,0.518969123052071
"PLAL1_HUMAN.H10MO.D","PLAL1_HUMAN.H10MO.D",134,0.370759714745944,0.31024476416614,0.443078439850418
"EGR1_HUMAN.H10MO.S","EGR1_HUMAN.H10MO.S",148,0.365425557189072,0.308146905378296,0.433351221499398
"SP4_HUMAN.H10MO.D","SP4_HUMAN.H10MO.D",350,0.341912118468682,0.302976375936776,0.385851525203197
"KLF6_HUMAN.H10MO.D","KLF6_HUMAN.H10MO.D",162,0.355700519881671,0.301941580025664,0.419030925894131
"SP2_HUMAN.H10MO.C","SP2_HUMAN.H10MO.C",364,0.335012751106205,0.297326933521615,0.377475199015526
"TFDP1_HUMAN.H10MO.D","TFDP1_HUMAN.H10MO.D",311,0.336775004233545,0.296913575834225,0.381987934225777
"CENPB_HUMAN.H10MO.D","CENPB_HUMAN.H10MO.D",16,0.48451224791525,0.295735641977271,0.793790416367638
"GCM2_HUMAN.H10MO.D","GCM2_HUMAN.H10MO.D",37,0.386288898574534,0.278550700787358,0.535698214867672
"E2F5_HUMAN.H10MO.B","E2F5_HUMAN.H10MO.B",19,0.426755282890252,0.271182253964683,0.671578131725602
"HIF1A_HUMAN.H10MO.A","HIF1A_HUMAN.H10MO.A",42,0.368474440254545,0.270948053775701,0.501104958049625
"AP2D_HUMAN.H10MO.D","AP2D_HUMAN.H10MO.D",128,0.314855436257737,0.262498701950998,0.377654994117098
"KLF13_HUMAN.H10MO.D","KLF13_HUMAN.H10MO.D",80,0.277989189827338,0.221791352986924,0.348426521684168
"NRF1_HUMAN.H10MO.A","NRF1_HUMAN.H10MO.A",66,0.276552106835924,0.215950263854507,0.354160566559512
"MBD2_HUMAN.H10MO.B","MBD2_HUMAN.H10MO.B",49,0.226792941435336,0.170512653784123,0.301649391663395
"E2F2_HUMAN.H10MO.B","E2F2_HUMAN.H10MO.B",15,0.230175160542339,0.138327794132286,0.383007658461067
"E2F3_HUMAN.H10MO.B","E2F3_HUMAN.H10MO.B",11,0.185905968524419,0.102673285050155,0.336611701048811
"SNAI2_HUMAN.H10MO.C","SNAI2_HUMAN.H10MO.C",0,0,0,0
"TGIF1_HUMAN.H10MO.S","TGIF1_HUMAN.H10MO.S",0,0,0,0
"UBIP1_HUMAN.H10MO.D","UBIP1_HUMAN.H10MO.D",0,0,0,0
